<?xml version="1.0" encoding="UTF-8"?>


<Configuration status="INFO" name="XMLConfigTest" packages="com.isg.accesspoint.middleware">
  <Properties>
    <Property name="hostName">${sys:hostname}</Property>
    <Property name="baseDir">${sys:logs.dir}</Property>
    <Property name="logFileName">${sys:logfilename.prefix}</Property>
    <Property name="pat">[${hostName}]: %d %p [%l] - %m%n</Property>
    <Property name="pat1">[${hostName}]: %d %p [%l] %c{1.} [%t] - %m%n</Property>
    <Property name="pat2">[${hostName}]: %d{yyyy-MMM-dd HH:mm:ss.SSS} %-5level [%l] %logger{36} [%t] - %m%n</Property>
  </Properties>

  <Appenders>
    <Console name="pSTDOUT">
      <PatternLayout pattern="${pat}"/>
    </Console>
    <Console name="pFLOW">
      <!-- this pattern outputs class name and line number -->
      <PatternLayout pattern="${pat}"/>
      <filters>
        <MarkerFilter marker="pFLOW" onMatch="ACCEPT" onMismatch="NEUTRAL"/>
        <MarkerFilter marker="EXCEPTION" onMatch="ACCEPT" onMismatch="NEUTRAL"/>
      </filters>
    </Console>
    <File name="pFile" fileName="${baseDir}/${logFileName}_nr.log">
      <PatternLayout>
        <Pattern>${pat1}</Pattern>
      </PatternLayout>
    </File>


<RollingFile name="pRollingFile" fileName="${baseDir}/${logFileName}.log"
          filePattern="${baseDir}/$${date:yyyy-MM}/${logFileName}-%d{yyyy-MM-dd-HH}-%i.log.gz">
      <PatternLayout pattern="${pat2}" />
      <Policies>
        <!--CronTriggeringPolicy schedule="0 1 * * * ?"/-->
        <SizeBasedTriggeringPolicy size="50 MB"/>
      </Policies>
      <DefaultRolloverStrategy max="100">



<Delete basePath="${baseDir}" maxDepth="2">
          <IfFileName glob="*/${logFileName}-*.log.gz">
            <IfLastModified age="365d">
              <IfAny>
                <IfAccumulatedFileSize exceeds="100 GB" />
                <IfAccumulatedFileCount exceeds="100" />
              </IfAny>
            </IfLastModified>
          </IfFileName>
        </Delete>
      </DefaultRolloverStrategy>
    </RollingFile>
  </Appenders>

<Loggers>
    <!-- Log Spring framework -->
    <Logger name="org.springframework" level="ERROR" additivity="false">
      <AppenderRef ref="pRollingFile" />
    </Logger>

    <!-- Log everything in hibernate -->
    <Logger name="org.hibernate" level="ERROR" additivity="false">
      <AppenderRef ref="pRollingFile" />
    </Logger>

    <!-- Log SQL statements -->
    <Logger name="org.hibernate.SQL" level="ERROR" additivity="false">
      <AppenderRef ref="pRollingFile" />
    </Logger>

    <!-- Log JDBC bind parameters -->
    <Logger name="org.hibernate.type.descriptor.sql" level="ERROR" additivity="false">
      <AppenderRef ref="pRollingFile" />
    </Logger>

    <!-- Log Middleware parameters -->
    <Logger name="com.mw" level="INFO" additivity="false">
      <AppenderRef ref="pRollingFile" />
    </Logger>
    <!-- Log Txn LOg mgr parameters -->
    <Logger name="com.tlm" level="INFO" additivity="false">
      <AppenderRef ref="pRollingFile" />
    </Logger>

    <Root level="INFO">
 
      <AppenderRef ref="pSTDOUT"/>
      <AppenderRef ref="pFile"/>
  
      <AppenderRef ref="pRollingFile"/>
    </Root>
  </Loggers>
</Configuration>




<!-- <?xml version="1.0" encoding="UTF-8"?>
<Configuration status="debug">
	<Appenders>
		<Console name="Console-Appender" target="SYSTEM_OUT">
			<PatternLayout>
				<pattern>
					[%-5level] %d{yyyy-MM-dd HH:mm:ss.SSS} [%t] %c{1} - %msg%n
				</pattern>
			</PatternLayout>
		</Console>
		<File name="File-Appender" fileName="logs/xmlfilelog.log">
			<PatternLayout>
				<pattern>
					[%-5level] %d{yyyy-MM-dd HH:mm:ss.SSS} [%t] %c{1} - %msg%n
				</pattern>
			</PatternLayout>
		</File>
	</Appenders>
	<Loggers>
		<Logger name="com.isg.accesspoint.middleware" level="debug">
			<AppenderRef ref="File-Appender" />
		</Logger>
		<Root level="debug">
			<AppenderRef ref="Console-Appender" />
		</Root>
	</Loggers>
</Configuration> -->