<?xml version="1.0" encoding="UTF-8"?>
<Configuration status="INFO" name="XMLConfigTest"
	packages="com.isg.middleware">
	<!-- Set Properties -->
	<Properties>
		<Property name="hostName">${sys:hostname}</Property>
		<Property name="baseDir">mwDir</Property>
		<Property name="baseFormat">${date:yyyy-MM}</Property>
		<Property name="logFileName">mw</Property>
		<Property name="logFileFormat">${date:yyyy-MM-dd-HH}</Property>
		<Property name="pat2">[${hostName}]: %d{yyyy-MMM-dd HH:mm:ss.SSS}
			%-5level [%l] %logger{36} [%t] - %m%n</Property>
	</Properties>

	<!-- File Appender and Rolling File Appender -->
	<Appenders>
		<Console name="pSTDOUT">
			<PatternLayout pattern="${pat2}" />
		</Console>
		<Console name="pFLOW">
			<!-- this pattern outputs class name and line number -->
			<PatternLayout pattern="${pat2}" />
			<filters>
				<MarkerFilter marker="pFLOW" onMatch="ACCEPT"
					onMismatch="NEUTRAL" />
				<MarkerFilter marker="EXCEPTION" onMatch="ACCEPT"
					onMismatch="NEUTRAL" />
			</filters>
		</Console>
		<File name="pFile" fileName="${baseDir}/${logFileName}_nr.log">
			<PatternLayout>
				<Pattern>${pat2}</Pattern>
			</PatternLayout>
		</File>

		<!-- Log RollingFile -->
		<RollingFile name="pRollingFile"
			fileName="${baseDir}/${logFileName}.log"
			filePattern="${baseDir}/$${baseFormat}/${logFileName}-${logFileFormat}-%i.log.gz">
			<PatternLayout pattern="${pat2}" />
			<Policies>
				<!--CronTriggeringPolicy schedule="0 1 * * * ?"/ -->
				<SizeBasedTriggeringPolicy size="10 mb" />
			</Policies>
			<DefaultRolloverStrategy max="100">
				<Delete basePath="${baseDir}" maxDepth="2">
					<IfFileName glob="*/${logFileName}-*.log.gz">
						<IfLastModified age="365d">
							<IfAny>
								<IfAccumulatedFileSize exceeds="100 GB" />
								<IfAccumulatedFileCount exceeds="10" />
							</IfAny>
						</IfLastModified>
					</IfFileName>
				</Delete>
			</DefaultRolloverStrategy>
		</RollingFile>
	</Appenders>

	<Loggers>
		<!-- Log Spring framework -->
		<Logger name="org.springframework" level="ERROR"
			additivity="false">
			<AppenderRef ref="pRollingFile" />
		</Logger>

		<!-- Log everything in hibernate -->
		<Logger name="org.hibernate" level="ERROR" additivity="false">
			<AppenderRef ref="pRollingFile" />
		</Logger>

		<!-- Log SQL statements -->
		<Logger name="org.hibernate.SQL" level="ERROR"
			additivity="false">
			<AppenderRef ref="pRollingFile" />
		</Logger>

		<!-- Log JDBC bind parameters -->
		<Logger name="org.hibernate.type.descriptor.sql" level="ERROR"
			additivity="false">
			<AppenderRef ref="pRollingFile" />
		</Logger>

		<!-- Log Middleware parameters -->
		<Logger name="com.isg.middleware" level="INFO"
			additivity="false">
			<AppenderRef ref="pRollingFile" />
		</Logger>
		<!-- Log Txn LOg mgr parameters -->
		<Logger name="com.tlm" level="INFO" additivity="false">
			<AppenderRef ref="pRollingFile" />
		</Logger>

		<Root level="info">
			<AppenderRef ref="pSTDOUT" />
			<AppenderRef ref="pFile" />
			<AppenderRef ref="pRollingFile" />
		</Root>
	</Loggers>
</Configuration>