{"name":"middleware","classpathEntries":[{"kind":"binary","path":"/usr/lib/jvm/java-1.8.0-openjdk-1.8.0.232.b09-0.el7_7.x86_64/jre/lib/resources.jar","javadocContainerUrl":"https://docs.oracle.com/javase/1/docs/api/","isSystem":true,"isOwn":false,"isTest":false,"isJavaContent":false},{"kind":"binary","path":"/usr/lib/jvm/java-1.8.0-openjdk-1.8.0.232.b09-0.el7_7.x86_64/jre/lib/rt.jar","javadocContainerUrl":"https://docs.oracle.com/javase/1/docs/api/","isSystem":true,"isOwn":false,"isTest":false,"isJavaContent":false},{"kind":"binary","path":"/usr/lib/jvm/java-1.8.0-openjdk-1.8.0.232.b09-0.el7_7.x86_64/jre/lib/jsse.jar","javadocContainerUrl":"https://docs.oracle.com/javase/1/docs/api/","isSystem":true,"isOwn":false,"isTest":false,"isJavaContent":false},{"kind":"binary","path":"/usr/lib/jvm/java-1.8.0-openjdk-1.8.0.232.b09-0.el7_7.x86_64/jre/lib/jce.jar","javadocContainerUrl":"https://docs.oracle.com/javase/1/docs/api/","isSystem":true,"isOwn":false,"isTest":false,"isJavaContent":false},{"kind":"binary","path":"/usr/lib/jvm/java-1.8.0-openjdk-1.8.0.232.b09-0.el7_7.x86_64/jre/lib/charsets.jar","javadocContainerUrl":"https://docs.oracle.com/javase/1/docs/api/","isSystem":true,"isOwn":false,"isTest":false,"isJavaContent":false},{"kind":"binary","path":"/home/ISG/juber3709/.m2/repository/org/springframework/boot/spring-boot-starter/2.2.4.RELEASE/spring-boot-starter-2.2.4.RELEASE.jar","sourceContainerUrl":"file:/home/ISG/juber3709/.m2/repository/org/springframework/boot/spring-boot-starter/2.2.4.RELEASE/spring-boot-starter-2.2.4.RELEASE-sources.jar","isSystem":false,"isOwn":false,"isTest":false,"isJavaContent":false},{"kind":"binary","path":"/home/ISG/juber3709/.m2/repository/org/springframework/boot/spring-boot/2.2.4.RELEASE/spring-boot-2.2.4.RELEASE.jar","sourceContainerUrl":"file:/home/ISG/juber3709/.m2/repository/org/springframework/boot/spring-boot/2.2.4.RELEASE/spring-boot-2.2.4.RELEASE-sources.jar","javadocContainerUrl":"file:/home/ISG/juber3709/.m2/repository/org/springframework/boot/spring-boot/2.2.4.RELEASE/spring-boot-2.2.4.RELEASE-javadoc.jar","isSystem":false,"isOwn":false,"isTest":false,"isJavaContent":false},{"kind":"binary","path":"/home/ISG/juber3709/.m2/repository/org/springframework/boot/spring-boot-autoconfigure/2.2.4.RELEASE/spring-boot-autoconfigure-2.2.4.RELEASE.jar","sourceContainerUrl":"file:/home/ISG/juber3709/.m2/repository/org/springframework/boot/spring-boot-autoconfigure/2.2.4.RELEASE/spring-boot-autoconfigure-2.2.4.RELEASE-sources.jar","javadocContainerUrl":"file:/home/ISG/juber3709/.m2/repository/org/springframework/boot/spring-boot-autoconfigure/2.2.4.RELEASE/spring-boot-autoconfigure-2.2.4.RELEASE-javadoc.jar","isSystem":false,"isOwn":false,"isTest":false,"isJavaContent":false},{"kind":"binary","path":"/home/ISG/juber3709/.m2/repository/org/springframework/boot/spring-boot-starter-logging/2.2.4.RELEASE/spring-boot-starter-logging-2.2.4.RELEASE.jar","sourceContainerUrl":"file:/home/ISG/juber3709/.m2/repository/org/springframework/boot/spring-boot-starter-logging/2.2.4.RELEASE/spring-boot-starter-logging-2.2.4.RELEASE-sources.jar","isSystem":false,"isOwn":false,"isTest":false,"isJavaContent":false},{"kind":"binary","path":"/home/ISG/juber3709/.m2/repository/ch/qos/logback/logback-classic/1.2.3/logback-classic-1.2.3.jar","sourceContainerUrl":"file:/home/ISG/juber3709/.m2/repository/ch/qos/logback/logback-classic/1.2.3/logback-classic-1.2.3-sources.jar","javadocContainerUrl":"file:/home/ISG/juber3709/.m2/repository/ch/qos/logback/logback-classic/1.2.3/logback-classic-1.2.3-javadoc.jar","isSystem":false,"isOwn":false,"isTest":false,"isJavaContent":false},{"kind":"binary","path":"/home/ISG/juber3709/.m2/repository/ch/qos/logback/logback-core/1.2.3/logback-core-1.2.3.jar","sourceContainerUrl":"file:/home/ISG/juber3709/.m2/repository/ch/qos/logback/logback-core/1.2.3/logback-core-1.2.3-sources.jar","javadocContainerUrl":"file:/home/ISG/juber3709/.m2/repository/ch/qos/logback/logback-core/1.2.3/logback-core-1.2.3-javadoc.jar","isSystem":false,"isOwn":false,"isTest":false,"isJavaContent":false},{"kind":"binary","path":"/home/ISG/juber3709/.m2/repository/org/apache/logging/log4j/log4j-to-slf4j/2.12.1/log4j-to-slf4j-2.12.1.jar","sourceContainerUrl":"file:/home/ISG/juber3709/.m2/repository/org/apache/logging/log4j/log4j-to-slf4j/2.12.1/log4j-to-slf4j-2.12.1-sources.jar","javadocContainerUrl":"file:/home/ISG/juber3709/.m2/repository/org/apache/logging/log4j/log4j-to-slf4j/2.12.1/log4j-to-slf4j-2.12.1-javadoc.jar","isSystem":false,"isOwn":false,"isTest":false,"isJavaContent":false},{"kind":"binary","path":"/home/ISG/juber3709/.m2/repository/org/apache/logging/log4j/log4j-api/2.12.1/log4j-api-2.12.1.jar","sourceContainerUrl":"file:/home/ISG/juber3709/.m2/repository/org/apache/logging/log4j/log4j-api/2.12.1/log4j-api-2.12.1-sources.jar","javadocContainerUrl":"file:/home/ISG/juber3709/.m2/repository/org/apache/logging/log4j/log4j-api/2.12.1/log4j-api-2.12.1-javadoc.jar","isSystem":false,"isOwn":false,"isTest":false,"isJavaContent":false},{"kind":"binary","path":"/home/ISG/juber3709/.m2/repository/org/slf4j/jul-to-slf4j/1.7.30/jul-to-slf4j-1.7.30.jar","sourceContainerUrl":"file:/home/ISG/juber3709/.m2/repository/org/slf4j/jul-to-slf4j/1.7.30/jul-to-slf4j-1.7.30-sources.jar","javadocContainerUrl":"file:/home/ISG/juber3709/.m2/repository/org/slf4j/jul-to-slf4j/1.7.30/jul-to-slf4j-1.7.30-javadoc.jar","isSystem":false,"isOwn":false,"isTest":false,"isJavaContent":false},{"kind":"binary","path":"/home/ISG/juber3709/.m2/repository/jakarta/annotation/jakarta.annotation-api/1.3.5/jakarta.annotation-api-1.3.5.jar","sourceContainerUrl":"file:/home/ISG/juber3709/.m2/repository/jakarta/annotation/jakarta.annotation-api/1.3.5/jakarta.annotation-api-1.3.5-sources.jar","javadocContainerUrl":"file:/home/ISG/juber3709/.m2/repository/jakarta/annotation/jakarta.annotation-api/1.3.5/jakarta.annotation-api-1.3.5-javadoc.jar","isSystem":false,"isOwn":false,"isTest":false,"isJavaContent":false},{"kind":"binary","path":"/home/ISG/juber3709/.m2/repository/org/springframework/spring-core/5.2.3.RELEASE/spring-core-5.2.3.RELEASE.jar","sourceContainerUrl":"file:/home/ISG/juber3709/.m2/repository/org/springframework/spring-core/5.2.3.RELEASE/spring-core-5.2.3.RELEASE-sources.jar","javadocContainerUrl":"file:/home/ISG/juber3709/.m2/repository/org/springframework/spring-core/5.2.3.RELEASE/spring-core-5.2.3.RELEASE-javadoc.jar","isSystem":false,"isOwn":false,"isTest":false,"isJavaContent":false},{"kind":"binary","path":"/home/ISG/juber3709/.m2/repository/org/springframework/spring-jcl/5.2.3.RELEASE/spring-jcl-5.2.3.RELEASE.jar","sourceContainerUrl":"file:/home/ISG/juber3709/.m2/repository/org/springframework/spring-jcl/5.2.3.RELEASE/spring-jcl-5.2.3.RELEASE-sources.jar","javadocContainerUrl":"file:/home/ISG/juber3709/.m2/repository/org/springframework/spring-jcl/5.2.3.RELEASE/spring-jcl-5.2.3.RELEASE-javadoc.jar","isSystem":false,"isOwn":false,"isTest":false,"isJavaContent":false},{"kind":"binary","path":"/home/ISG/juber3709/.m2/repository/org/yaml/snakeyaml/1.25/snakeyaml-1.25.jar","sourceContainerUrl":"file:/home/ISG/juber3709/.m2/repository/org/yaml/snakeyaml/1.25/snakeyaml-1.25-sources.jar","javadocContainerUrl":"file:/home/ISG/juber3709/.m2/repository/org/yaml/snakeyaml/1.25/snakeyaml-1.25-javadoc.jar","isSystem":false,"isOwn":false,"isTest":false,"isJavaContent":false},{"kind":"binary","path":"/home/ISG/juber3709/.m2/repository/org/springframework/boot/spring-boot-starter-test/2.2.4.RELEASE/spring-boot-starter-test-2.2.4.RELEASE.jar","sourceContainerUrl":"file:/home/ISG/juber3709/.m2/repository/org/springframework/boot/spring-boot-starter-test/2.2.4.RELEASE/spring-boot-starter-test-2.2.4.RELEASE-sources.jar","isSystem":false,"isOwn":false,"isTest":false,"isJavaContent":false},{"kind":"binary","path":"/home/ISG/juber3709/.m2/repository/org/springframework/boot/spring-boot-test/2.2.4.RELEASE/spring-boot-test-2.2.4.RELEASE.jar","sourceContainerUrl":"file:/home/ISG/juber3709/.m2/repository/org/springframework/boot/spring-boot-test/2.2.4.RELEASE/spring-boot-test-2.2.4.RELEASE-sources.jar","javadocContainerUrl":"file:/home/ISG/juber3709/.m2/repository/org/springframework/boot/spring-boot-test/2.2.4.RELEASE/spring-boot-test-2.2.4.RELEASE-javadoc.jar","isSystem":false,"isOwn":false,"isTest":false,"isJavaContent":false},{"kind":"binary","path":"/home/ISG/juber3709/.m2/repository/org/springframework/boot/spring-boot-test-autoconfigure/2.2.4.RELEASE/spring-boot-test-autoconfigure-2.2.4.RELEASE.jar","sourceContainerUrl":"file:/home/ISG/juber3709/.m2/repository/org/springframework/boot/spring-boot-test-autoconfigure/2.2.4.RELEASE/spring-boot-test-autoconfigure-2.2.4.RELEASE-sources.jar","javadocContainerUrl":"file:/home/ISG/juber3709/.m2/repository/org/springframework/boot/spring-boot-test-autoconfigure/2.2.4.RELEASE/spring-boot-test-autoconfigure-2.2.4.RELEASE-javadoc.jar","isSystem":false,"isOwn":false,"isTest":false,"isJavaContent":false},{"kind":"binary","path":"/home/ISG/juber3709/.m2/repository/com/jayway/jsonpath/json-path/2.4.0/json-path-2.4.0.jar","sourceContainerUrl":"file:/home/ISG/juber3709/.m2/repository/com/jayway/jsonpath/json-path/2.4.0/json-path-2.4.0-sources.jar","javadocContainerUrl":"file:/home/ISG/juber3709/.m2/repository/com/jayway/jsonpath/json-path/2.4.0/json-path-2.4.0-javadoc.jar","isSystem":false,"isOwn":false,"isTest":false,"isJavaContent":false},{"kind":"binary","path":"/home/ISG/juber3709/.m2/repository/net/minidev/json-smart/2.3/json-smart-2.3.jar","sourceContainerUrl":"file:/home/ISG/juber3709/.m2/repository/net/minidev/json-smart/2.3/json-smart-2.3-sources.jar","javadocContainerUrl":"file:/home/ISG/juber3709/.m2/repository/net/minidev/json-smart/2.3/json-smart-2.3-javadoc.jar","isSystem":false,"isOwn":false,"isTest":false,"isJavaContent":false},{"kind":"binary","path":"/home/ISG/juber3709/.m2/repository/net/minidev/accessors-smart/1.2/accessors-smart-1.2.jar","sourceContainerUrl":"file:/home/ISG/juber3709/.m2/repository/net/minidev/accessors-smart/1.2/accessors-smart-1.2-sources.jar","javadocContainerUrl":"file:/home/ISG/juber3709/.m2/repository/net/minidev/accessors-smart/1.2/accessors-smart-1.2-javadoc.jar","isSystem":false,"isOwn":false,"isTest":false,"isJavaContent":false},{"kind":"binary","path":"/home/ISG/juber3709/.m2/repository/org/ow2/asm/asm/5.0.4/asm-5.0.4.jar","sourceContainerUrl":"file:/home/ISG/juber3709/.m2/repository/org/ow2/asm/asm/5.0.4/asm-5.0.4-sources.jar","javadocContainerUrl":"file:/home/ISG/juber3709/.m2/repository/org/ow2/asm/asm/5.0.4/asm-5.0.4-javadoc.jar","isSystem":false,"isOwn":false,"isTest":false,"isJavaContent":false},{"kind":"binary","path":"/home/ISG/juber3709/.m2/repository/jakarta/xml/bind/jakarta.xml.bind-api/2.3.2/jakarta.xml.bind-api-2.3.2.jar","sourceContainerUrl":"file:/home/ISG/juber3709/.m2/repository/jakarta/xml/bind/jakarta.xml.bind-api/2.3.2/jakarta.xml.bind-api-2.3.2-sources.jar","javadocContainerUrl":"file:/home/ISG/juber3709/.m2/repository/jakarta/xml/bind/jakarta.xml.bind-api/2.3.2/jakarta.xml.bind-api-2.3.2-javadoc.jar","isSystem":false,"isOwn":false,"isTest":false,"isJavaContent":false},{"kind":"binary","path":"/home/ISG/juber3709/.m2/repository/jakarta/activation/jakarta.activation-api/1.2.1/jakarta.activation-api-1.2.1.jar","sourceContainerUrl":"file:/home/ISG/juber3709/.m2/repository/jakarta/activation/jakarta.activation-api/1.2.1/jakarta.activation-api-1.2.1-sources.jar","javadocContainerUrl":"file:/home/ISG/juber3709/.m2/repository/jakarta/activation/jakarta.activation-api/1.2.1/jakarta.activation-api-1.2.1-javadoc.jar","isSystem":false,"isOwn":false,"isTest":false,"isJavaContent":false},{"kind":"binary","path":"/home/ISG/juber3709/.m2/repository/org/junit/jupiter/junit-jupiter/5.5.2/junit-jupiter-5.5.2.jar","sourceContainerUrl":"file:/home/ISG/juber3709/.m2/repository/org/junit/jupiter/junit-jupiter/5.5.2/junit-jupiter-5.5.2-sources.jar","javadocContainerUrl":"file:/home/ISG/juber3709/.m2/repository/org/junit/jupiter/junit-jupiter/5.5.2/junit-jupiter-5.5.2-javadoc.jar","isSystem":false,"isOwn":false,"isTest":false,"isJavaContent":false},{"kind":"binary","path":"/home/ISG/juber3709/.m2/repository/org/junit/jupiter/junit-jupiter-api/5.5.2/junit-jupiter-api-5.5.2.jar","sourceContainerUrl":"file:/home/ISG/juber3709/.m2/repository/org/junit/jupiter/junit-jupiter-api/5.5.2/junit-jupiter-api-5.5.2-sources.jar","javadocContainerUrl":"file:/home/ISG/juber3709/.m2/repository/org/junit/jupiter/junit-jupiter-api/5.5.2/junit-jupiter-api-5.5.2-javadoc.jar","isSystem":false,"isOwn":false,"isTest":false,"isJavaContent":false},{"kind":"binary","path":"/home/ISG/juber3709/.m2/repository/org/opentest4j/opentest4j/1.2.0/opentest4j-1.2.0.jar","sourceContainerUrl":"file:/home/ISG/juber3709/.m2/repository/org/opentest4j/opentest4j/1.2.0/opentest4j-1.2.0-sources.jar","javadocContainerUrl":"file:/home/ISG/juber3709/.m2/repository/org/opentest4j/opentest4j/1.2.0/opentest4j-1.2.0-javadoc.jar","isSystem":false,"isOwn":false,"isTest":false,"isJavaContent":false},{"kind":"binary","path":"/home/ISG/juber3709/.m2/repository/org/junit/platform/junit-platform-commons/1.5.2/junit-platform-commons-1.5.2.jar","sourceContainerUrl":"file:/home/ISG/juber3709/.m2/repository/org/junit/platform/junit-platform-commons/1.5.2/junit-platform-commons-1.5.2-sources.jar","javadocContainerUrl":"file:/home/ISG/juber3709/.m2/repository/org/junit/platform/junit-platform-commons/1.5.2/junit-platform-commons-1.5.2-javadoc.jar","isSystem":false,"isOwn":false,"isTest":false,"isJavaContent":false},{"kind":"binary","path":"/home/ISG/juber3709/.m2/repository/org/junit/jupiter/junit-jupiter-params/5.5.2/junit-jupiter-params-5.5.2.jar","sourceContainerUrl":"file:/home/ISG/juber3709/.m2/repository/org/junit/jupiter/junit-jupiter-params/5.5.2/junit-jupiter-params-5.5.2-sources.jar","javadocContainerUrl":"file:/home/ISG/juber3709/.m2/repository/org/junit/jupiter/junit-jupiter-params/5.5.2/junit-jupiter-params-5.5.2-javadoc.jar","isSystem":false,"isOwn":false,"isTest":false,"isJavaContent":false},{"kind":"binary","path":"/home/ISG/juber3709/.m2/repository/org/junit/jupiter/junit-jupiter-engine/5.5.2/junit-jupiter-engine-5.5.2.jar","sourceContainerUrl":"file:/home/ISG/juber3709/.m2/repository/org/junit/jupiter/junit-jupiter-engine/5.5.2/junit-jupiter-engine-5.5.2-sources.jar","javadocContainerUrl":"file:/home/ISG/juber3709/.m2/repository/org/junit/jupiter/junit-jupiter-engine/5.5.2/junit-jupiter-engine-5.5.2-javadoc.jar","isSystem":false,"isOwn":false,"isTest":false,"isJavaContent":false},{"kind":"binary","path":"/home/ISG/juber3709/.m2/repository/org/junit/vintage/junit-vintage-engine/5.5.2/junit-vintage-engine-5.5.2.jar","sourceContainerUrl":"file:/home/ISG/juber3709/.m2/repository/org/junit/vintage/junit-vintage-engine/5.5.2/junit-vintage-engine-5.5.2-sources.jar","javadocContainerUrl":"file:/home/ISG/juber3709/.m2/repository/org/junit/vintage/junit-vintage-engine/5.5.2/junit-vintage-engine-5.5.2-javadoc.jar","isSystem":false,"isOwn":false,"isTest":false,"isJavaContent":false},{"kind":"binary","path":"/home/ISG/juber3709/.m2/repository/org/apiguardian/apiguardian-api/1.1.0/apiguardian-api-1.1.0.jar","sourceContainerUrl":"file:/home/ISG/juber3709/.m2/repository/org/apiguardian/apiguardian-api/1.1.0/apiguardian-api-1.1.0-sources.jar","javadocContainerUrl":"file:/home/ISG/juber3709/.m2/repository/org/apiguardian/apiguardian-api/1.1.0/apiguardian-api-1.1.0-javadoc.jar","isSystem":false,"isOwn":false,"isTest":false,"isJavaContent":false},{"kind":"binary","path":"/home/ISG/juber3709/.m2/repository/org/junit/platform/junit-platform-engine/1.5.2/junit-platform-engine-1.5.2.jar","sourceContainerUrl":"file:/home/ISG/juber3709/.m2/repository/org/junit/platform/junit-platform-engine/1.5.2/junit-platform-engine-1.5.2-sources.jar","javadocContainerUrl":"file:/home/ISG/juber3709/.m2/repository/org/junit/platform/junit-platform-engine/1.5.2/junit-platform-engine-1.5.2-javadoc.jar","isSystem":false,"isOwn":false,"isTest":false,"isJavaContent":false},{"kind":"binary","path":"/home/ISG/juber3709/.m2/repository/junit/junit/4.12/junit-4.12.jar","sourceContainerUrl":"file:/home/ISG/juber3709/.m2/repository/junit/junit/4.12/junit-4.12-sources.jar","javadocContainerUrl":"file:/home/ISG/juber3709/.m2/repository/junit/junit/4.12/junit-4.12-javadoc.jar","isSystem":false,"isOwn":false,"isTest":false,"isJavaContent":false},{"kind":"binary","path":"/home/ISG/juber3709/.m2/repository/org/mockito/mockito-junit-jupiter/3.1.0/mockito-junit-jupiter-3.1.0.jar","sourceContainerUrl":"file:/home/ISG/juber3709/.m2/repository/org/mockito/mockito-junit-jupiter/3.1.0/mockito-junit-jupiter-3.1.0-sources.jar","javadocContainerUrl":"file:/home/ISG/juber3709/.m2/repository/org/mockito/mockito-junit-jupiter/3.1.0/mockito-junit-jupiter-3.1.0-javadoc.jar","isSystem":false,"isOwn":false,"isTest":false,"isJavaContent":false},{"kind":"binary","path":"/home/ISG/juber3709/.m2/repository/org/assertj/assertj-core/3.13.2/assertj-core-3.13.2.jar","sourceContainerUrl":"file:/home/ISG/juber3709/.m2/repository/org/assertj/assertj-core/3.13.2/assertj-core-3.13.2-sources.jar","javadocContainerUrl":"file:/home/ISG/juber3709/.m2/repository/org/assertj/assertj-core/3.13.2/assertj-core-3.13.2-javadoc.jar","isSystem":false,"isOwn":false,"isTest":false,"isJavaContent":false},{"kind":"binary","path":"/home/ISG/juber3709/.m2/repository/org/hamcrest/hamcrest/2.1/hamcrest-2.1.jar","sourceContainerUrl":"file:/home/ISG/juber3709/.m2/repository/org/hamcrest/hamcrest/2.1/hamcrest-2.1-sources.jar","javadocContainerUrl":"file:/home/ISG/juber3709/.m2/repository/org/hamcrest/hamcrest/2.1/hamcrest-2.1-javadoc.jar","isSystem":false,"isOwn":false,"isTest":false,"isJavaContent":false},{"kind":"binary","path":"/home/ISG/juber3709/.m2/repository/org/mockito/mockito-core/3.1.0/mockito-core-3.1.0.jar","sourceContainerUrl":"file:/home/ISG/juber3709/.m2/repository/org/mockito/mockito-core/3.1.0/mockito-core-3.1.0-sources.jar","javadocContainerUrl":"file:/home/ISG/juber3709/.m2/repository/org/mockito/mockito-core/3.1.0/mockito-core-3.1.0-javadoc.jar","isSystem":false,"isOwn":false,"isTest":false,"isJavaContent":false},{"kind":"binary","path":"/home/ISG/juber3709/.m2/repository/net/bytebuddy/byte-buddy/1.10.6/byte-buddy-1.10.6.jar","sourceContainerUrl":"file:/home/ISG/juber3709/.m2/repository/net/bytebuddy/byte-buddy/1.10.6/byte-buddy-1.10.6-sources.jar","javadocContainerUrl":"file:/home/ISG/juber3709/.m2/repository/net/bytebuddy/byte-buddy/1.10.6/byte-buddy-1.10.6-javadoc.jar","isSystem":false,"isOwn":false,"isTest":false,"isJavaContent":false},{"kind":"binary","path":"/home/ISG/juber3709/.m2/repository/net/bytebuddy/byte-buddy-agent/1.10.6/byte-buddy-agent-1.10.6.jar","sourceContainerUrl":"file:/home/ISG/juber3709/.m2/repository/net/bytebuddy/byte-buddy-agent/1.10.6/byte-buddy-agent-1.10.6-sources.jar","javadocContainerUrl":"file:/home/ISG/juber3709/.m2/repository/net/bytebuddy/byte-buddy-agent/1.10.6/byte-buddy-agent-1.10.6-javadoc.jar","isSystem":false,"isOwn":false,"isTest":false,"isJavaContent":false},{"kind":"binary","path":"/home/ISG/juber3709/.m2/repository/org/objenesis/objenesis/2.6/objenesis-2.6.jar","sourceContainerUrl":"file:/home/ISG/juber3709/.m2/repository/org/objenesis/objenesis/2.6/objenesis-2.6-sources.jar","javadocContainerUrl":"file:/home/ISG/juber3709/.m2/repository/org/objenesis/objenesis/2.6/objenesis-2.6-javadoc.jar","isSystem":false,"isOwn":false,"isTest":false,"isJavaContent":false},{"kind":"binary","path":"/home/ISG/juber3709/.m2/repository/org/skyscreamer/jsonassert/1.5.0/jsonassert-1.5.0.jar","sourceContainerUrl":"file:/home/ISG/juber3709/.m2/repository/org/skyscreamer/jsonassert/1.5.0/jsonassert-1.5.0-sources.jar","javadocContainerUrl":"file:/home/ISG/juber3709/.m2/repository/org/skyscreamer/jsonassert/1.5.0/jsonassert-1.5.0-javadoc.jar","isSystem":false,"isOwn":false,"isTest":false,"isJavaContent":false},{"kind":"binary","path":"/home/ISG/juber3709/.m2/repository/com/vaadin/external/google/android-json/0.0.20131108.vaadin1/android-json-0.0.20131108.vaadin1.jar","sourceContainerUrl":"file:/home/ISG/juber3709/.m2/repository/com/vaadin/external/google/android-json/0.0.20131108.vaadin1/android-json-0.0.20131108.vaadin1-sources.jar","javadocContainerUrl":"file:/home/ISG/juber3709/.m2/repository/com/vaadin/external/google/android-json/0.0.20131108.vaadin1/android-json-0.0.20131108.vaadin1-javadoc.jar","isSystem":false,"isOwn":false,"isTest":false,"isJavaContent":false},{"kind":"binary","path":"/home/ISG/juber3709/.m2/repository/org/springframework/spring-test/5.2.3.RELEASE/spring-test-5.2.3.RELEASE.jar","sourceContainerUrl":"file:/home/ISG/juber3709/.m2/repository/org/springframework/spring-test/5.2.3.RELEASE/spring-test-5.2.3.RELEASE-sources.jar","javadocContainerUrl":"file:/home/ISG/juber3709/.m2/repository/org/springframework/spring-test/5.2.3.RELEASE/spring-test-5.2.3.RELEASE-javadoc.jar","isSystem":false,"isOwn":false,"isTest":false,"isJavaContent":false},{"kind":"binary","path":"/home/ISG/juber3709/.m2/repository/org/xmlunit/xmlunit-core/2.6.3/xmlunit-core-2.6.3.jar","sourceContainerUrl":"file:/home/ISG/juber3709/.m2/repository/org/xmlunit/xmlunit-core/2.6.3/xmlunit-core-2.6.3-sources.jar","javadocContainerUrl":"file:/home/ISG/juber3709/.m2/repository/org/xmlunit/xmlunit-core/2.6.3/xmlunit-core-2.6.3-javadoc.jar","isSystem":false,"isOwn":false,"isTest":false,"isJavaContent":false},{"kind":"binary","path":"/home/ISG/juber3709/.m2/repository/org/springframework/kafka/spring-kafka/2.3.5.RELEASE/spring-kafka-2.3.5.RELEASE.jar","sourceContainerUrl":"file:/home/ISG/juber3709/.m2/repository/org/springframework/kafka/spring-kafka/2.3.5.RELEASE/spring-kafka-2.3.5.RELEASE-sources.jar","javadocContainerUrl":"file:/home/ISG/juber3709/.m2/repository/org/springframework/kafka/spring-kafka/2.3.5.RELEASE/spring-kafka-2.3.5.RELEASE-javadoc.jar","isSystem":false,"isOwn":false,"isTest":false,"isJavaContent":false},{"kind":"binary","path":"/home/ISG/juber3709/.m2/repository/org/apache/kafka/kafka-clients/2.3.1/kafka-clients-2.3.1.jar","sourceContainerUrl":"file:/home/ISG/juber3709/.m2/repository/org/apache/kafka/kafka-clients/2.3.1/kafka-clients-2.3.1-sources.jar","javadocContainerUrl":"file:/home/ISG/juber3709/.m2/repository/org/apache/kafka/kafka-clients/2.3.1/kafka-clients-2.3.1-javadoc.jar","isSystem":false,"isOwn":false,"isTest":false,"isJavaContent":false},{"kind":"binary","path":"/home/ISG/juber3709/.m2/repository/com/github/luben/zstd-jni/1.4.0-1/zstd-jni-1.4.0-1.jar","sourceContainerUrl":"file:/home/ISG/juber3709/.m2/repository/com/github/luben/zstd-jni/1.4.0-1/zstd-jni-1.4.0-1-sources.jar","javadocContainerUrl":"file:/home/ISG/juber3709/.m2/repository/com/github/luben/zstd-jni/1.4.0-1/zstd-jni-1.4.0-1-javadoc.jar","isSystem":false,"isOwn":false,"isTest":false,"isJavaContent":false},{"kind":"binary","path":"/home/ISG/juber3709/.m2/repository/org/lz4/lz4-java/1.6.0/lz4-java-1.6.0.jar","sourceContainerUrl":"file:/home/ISG/juber3709/.m2/repository/org/lz4/lz4-java/1.6.0/lz4-java-1.6.0-sources.jar","javadocContainerUrl":"file:/home/ISG/juber3709/.m2/repository/org/lz4/lz4-java/1.6.0/lz4-java-1.6.0-javadoc.jar","isSystem":false,"isOwn":false,"isTest":false,"isJavaContent":false},{"kind":"binary","path":"/home/ISG/juber3709/.m2/repository/org/xerial/snappy/snappy-java/1.1.7.3/snappy-java-1.1.7.3.jar","sourceContainerUrl":"file:/home/ISG/juber3709/.m2/repository/org/xerial/snappy/snappy-java/1.1.7.3/snappy-java-1.1.7.3-sources.jar","javadocContainerUrl":"file:/home/ISG/juber3709/.m2/repository/org/xerial/snappy/snappy-java/1.1.7.3/snappy-java-1.1.7.3-javadoc.jar","isSystem":false,"isOwn":false,"isTest":false,"isJavaContent":false},{"kind":"binary","path":"/home/ISG/juber3709/.m2/repository/org/springframework/retry/spring-retry/1.2.5.RELEASE/spring-retry-1.2.5.RELEASE.jar","sourceContainerUrl":"file:/home/ISG/juber3709/.m2/repository/org/springframework/retry/spring-retry/1.2.5.RELEASE/spring-retry-1.2.5.RELEASE-sources.jar","javadocContainerUrl":"file:/home/ISG/juber3709/.m2/repository/org/springframework/retry/spring-retry/1.2.5.RELEASE/spring-retry-1.2.5.RELEASE-javadoc.jar","isSystem":false,"isOwn":false,"isTest":false,"isJavaContent":false},{"kind":"binary","path":"/home/ISG/juber3709/.m2/repository/org/springframework/spring-context/5.2.3.RELEASE/spring-context-5.2.3.RELEASE.jar","sourceContainerUrl":"file:/home/ISG/juber3709/.m2/repository/org/springframework/spring-context/5.2.3.RELEASE/spring-context-5.2.3.RELEASE-sources.jar","javadocContainerUrl":"file:/home/ISG/juber3709/.m2/repository/org/springframework/spring-context/5.2.3.RELEASE/spring-context-5.2.3.RELEASE-javadoc.jar","isSystem":false,"isOwn":false,"isTest":false,"isJavaContent":false},{"kind":"binary","path":"/home/ISG/juber3709/.m2/repository/org/springframework/spring-aop/5.2.3.RELEASE/spring-aop-5.2.3.RELEASE.jar","sourceContainerUrl":"file:/home/ISG/juber3709/.m2/repository/org/springframework/spring-aop/5.2.3.RELEASE/spring-aop-5.2.3.RELEASE-sources.jar","javadocContainerUrl":"file:/home/ISG/juber3709/.m2/repository/org/springframework/spring-aop/5.2.3.RELEASE/spring-aop-5.2.3.RELEASE-javadoc.jar","isSystem":false,"isOwn":false,"isTest":false,"isJavaContent":false},{"kind":"binary","path":"/home/ISG/juber3709/.m2/repository/org/springframework/spring-beans/5.2.3.RELEASE/spring-beans-5.2.3.RELEASE.jar","sourceContainerUrl":"file:/home/ISG/juber3709/.m2/repository/org/springframework/spring-beans/5.2.3.RELEASE/spring-beans-5.2.3.RELEASE-sources.jar","javadocContainerUrl":"file:/home/ISG/juber3709/.m2/repository/org/springframework/spring-beans/5.2.3.RELEASE/spring-beans-5.2.3.RELEASE-javadoc.jar","isSystem":false,"isOwn":false,"isTest":false,"isJavaContent":false},{"kind":"binary","path":"/home/ISG/juber3709/.m2/repository/org/springframework/spring-expression/5.2.3.RELEASE/spring-expression-5.2.3.RELEASE.jar","sourceContainerUrl":"file:/home/ISG/juber3709/.m2/repository/org/springframework/spring-expression/5.2.3.RELEASE/spring-expression-5.2.3.RELEASE-sources.jar","javadocContainerUrl":"file:/home/ISG/juber3709/.m2/repository/org/springframework/spring-expression/5.2.3.RELEASE/spring-expression-5.2.3.RELEASE-javadoc.jar","isSystem":false,"isOwn":false,"isTest":false,"isJavaContent":false},{"kind":"binary","path":"/home/ISG/juber3709/.m2/repository/org/springframework/spring-messaging/5.2.3.RELEASE/spring-messaging-5.2.3.RELEASE.jar","sourceContainerUrl":"file:/home/ISG/juber3709/.m2/repository/org/springframework/spring-messaging/5.2.3.RELEASE/spring-messaging-5.2.3.RELEASE-sources.jar","javadocContainerUrl":"file:/home/ISG/juber3709/.m2/repository/org/springframework/spring-messaging/5.2.3.RELEASE/spring-messaging-5.2.3.RELEASE-javadoc.jar","isSystem":false,"isOwn":false,"isTest":false,"isJavaContent":false},{"kind":"binary","path":"/home/ISG/juber3709/.m2/repository/org/springframework/spring-tx/5.2.3.RELEASE/spring-tx-5.2.3.RELEASE.jar","sourceContainerUrl":"file:/home/ISG/juber3709/.m2/repository/org/springframework/spring-tx/5.2.3.RELEASE/spring-tx-5.2.3.RELEASE-sources.jar","javadocContainerUrl":"file:/home/ISG/juber3709/.m2/repository/org/springframework/spring-tx/5.2.3.RELEASE/spring-tx-5.2.3.RELEASE-javadoc.jar","isSystem":false,"isOwn":false,"isTest":false,"isJavaContent":false},{"kind":"binary","path":"/home/ISG/juber3709/.m2/repository/org/apache/camel/springboot/camel-spring-boot-starter/3.0.1/camel-spring-boot-starter-3.0.1.jar","sourceContainerUrl":"file:/home/ISG/juber3709/.m2/repository/org/apache/camel/springboot/camel-spring-boot-starter/3.0.1/camel-spring-boot-starter-3.0.1-sources.jar","isSystem":false,"isOwn":false,"isTest":false,"isJavaContent":false},{"kind":"binary","path":"/home/ISG/juber3709/.m2/repository/org/apache/camel/camel-spring-boot/3.0.1/camel-spring-boot-3.0.1.jar","sourceContainerUrl":"file:/home/ISG/juber3709/.m2/repository/org/apache/camel/camel-spring-boot/3.0.1/camel-spring-boot-3.0.1-sources.jar","javadocContainerUrl":"file:/home/ISG/juber3709/.m2/repository/org/apache/camel/camel-spring-boot/3.0.1/camel-spring-boot-3.0.1-javadoc.jar","isSystem":false,"isOwn":false,"isTest":false,"isJavaContent":false},{"kind":"binary","path":"/home/ISG/juber3709/.m2/repository/org/apache/camel/camel-spring/3.0.1/camel-spring-3.0.1.jar","sourceContainerUrl":"file:/home/ISG/juber3709/.m2/repository/org/apache/camel/camel-spring/3.0.1/camel-spring-3.0.1-sources.jar","javadocContainerUrl":"file:/home/ISG/juber3709/.m2/repository/org/apache/camel/camel-spring/3.0.1/camel-spring-3.0.1-javadoc.jar","isSystem":false,"isOwn":false,"isTest":false,"isJavaContent":false},{"kind":"binary","path":"/home/ISG/juber3709/.m2/repository/org/apache/camel/camel-bean/3.0.1/camel-bean-3.0.1.jar","sourceContainerUrl":"file:/home/ISG/juber3709/.m2/repository/org/apache/camel/camel-bean/3.0.1/camel-bean-3.0.1-sources.jar","javadocContainerUrl":"file:/home/ISG/juber3709/.m2/repository/org/apache/camel/camel-bean/3.0.1/camel-bean-3.0.1-javadoc.jar","isSystem":false,"isOwn":false,"isTest":false,"isJavaContent":false},{"kind":"binary","path":"/home/ISG/juber3709/.m2/repository/org/apache/camel/camel-core-xml/3.0.1/camel-core-xml-3.0.1.jar","sourceContainerUrl":"file:/home/ISG/juber3709/.m2/repository/org/apache/camel/camel-core-xml/3.0.1/camel-core-xml-3.0.1-sources.jar","javadocContainerUrl":"file:/home/ISG/juber3709/.m2/repository/org/apache/camel/camel-core-xml/3.0.1/camel-core-xml-3.0.1-javadoc.jar","isSystem":false,"isOwn":false,"isTest":false,"isJavaContent":false},{"kind":"binary","path":"/home/ISG/juber3709/.m2/repository/org/apache/camel/camel-cloud/3.0.1/camel-cloud-3.0.1.jar","sourceContainerUrl":"file:/home/ISG/juber3709/.m2/repository/org/apache/camel/camel-cloud/3.0.1/camel-cloud-3.0.1-sources.jar","javadocContainerUrl":"file:/home/ISG/juber3709/.m2/repository/org/apache/camel/camel-cloud/3.0.1/camel-cloud-3.0.1-javadoc.jar","isSystem":false,"isOwn":false,"isTest":false,"isJavaContent":false},{"kind":"binary","path":"/home/ISG/juber3709/.m2/repository/org/apache/camel/camel-caffeine-lrucache/3.0.1/camel-caffeine-lrucache-3.0.1.jar","sourceContainerUrl":"file:/home/ISG/juber3709/.m2/repository/org/apache/camel/camel-caffeine-lrucache/3.0.1/camel-caffeine-lrucache-3.0.1-sources.jar","javadocContainerUrl":"file:/home/ISG/juber3709/.m2/repository/org/apache/camel/camel-caffeine-lrucache/3.0.1/camel-caffeine-lrucache-3.0.1-javadoc.jar","isSystem":false,"isOwn":false,"isTest":false,"isJavaContent":false},{"kind":"binary","path":"/home/ISG/juber3709/.m2/repository/com/github/ben-manes/caffeine/caffeine/2.8.0/caffeine-2.8.0.jar","sourceContainerUrl":"file:/home/ISG/juber3709/.m2/repository/com/github/ben-manes/caffeine/caffeine/2.8.0/caffeine-2.8.0-sources.jar","javadocContainerUrl":"file:/home/ISG/juber3709/.m2/repository/com/github/ben-manes/caffeine/caffeine/2.8.0/caffeine-2.8.0-javadoc.jar","isSystem":false,"isOwn":false,"isTest":false,"isJavaContent":false},{"kind":"binary","path":"/home/ISG/juber3709/.m2/repository/org/apache/camel/camel-main/3.0.1/camel-main-3.0.1.jar","sourceContainerUrl":"file:/home/ISG/juber3709/.m2/repository/org/apache/camel/camel-main/3.0.1/camel-main-3.0.1-sources.jar","javadocContainerUrl":"file:/home/ISG/juber3709/.m2/repository/org/apache/camel/camel-main/3.0.1/camel-main-3.0.1-javadoc.jar","isSystem":false,"isOwn":false,"isTest":false,"isJavaContent":false},{"kind":"binary","path":"/home/ISG/juber3709/.m2/repository/org/apache/camel/camel-management/3.0.1/camel-management-3.0.1.jar","sourceContainerUrl":"file:/home/ISG/juber3709/.m2/repository/org/apache/camel/camel-management/3.0.1/camel-management-3.0.1-sources.jar","javadocContainerUrl":"file:/home/ISG/juber3709/.m2/repository/org/apache/camel/camel-management/3.0.1/camel-management-3.0.1-javadoc.jar","isSystem":false,"isOwn":false,"isTest":false,"isJavaContent":false},{"kind":"binary","path":"/home/ISG/juber3709/.m2/repository/org/apache/camel/camel-log/3.0.1/camel-log-3.0.1.jar","sourceContainerUrl":"file:/home/ISG/juber3709/.m2/repository/org/apache/camel/camel-log/3.0.1/camel-log-3.0.1-sources.jar","javadocContainerUrl":"file:/home/ISG/juber3709/.m2/repository/org/apache/camel/camel-log/3.0.1/camel-log-3.0.1-javadoc.jar","isSystem":false,"isOwn":false,"isTest":false,"isJavaContent":false},{"kind":"binary","path":"/home/ISG/juber3709/.m2/repository/org/apache/camel/springboot/camel-core-starter/3.0.1/camel-core-starter-3.0.1.jar","sourceContainerUrl":"file:/home/ISG/juber3709/.m2/repository/org/apache/camel/springboot/camel-core-starter/3.0.1/camel-core-starter-3.0.1-sources.jar","javadocContainerUrl":"file:/home/ISG/juber3709/.m2/repository/org/apache/camel/springboot/camel-core-starter/3.0.1/camel-core-starter-3.0.1-javadoc.jar","isSystem":false,"isOwn":false,"isTest":false,"isJavaContent":false},{"kind":"binary","path":"/home/ISG/juber3709/.m2/repository/org/apache/camel/camel-core/3.0.1/camel-core-3.0.1.jar","isSystem":false,"isOwn":false,"isTest":false,"isJavaContent":false},{"kind":"binary","path":"/home/ISG/juber3709/.m2/repository/org/apache/camel/camel-browse/3.0.1/camel-browse-3.0.1.jar","sourceContainerUrl":"file:/home/ISG/juber3709/.m2/repository/org/apache/camel/camel-browse/3.0.1/camel-browse-3.0.1-sources.jar","javadocContainerUrl":"file:/home/ISG/juber3709/.m2/repository/org/apache/camel/camel-browse/3.0.1/camel-browse-3.0.1-javadoc.jar","isSystem":false,"isOwn":false,"isTest":false,"isJavaContent":false},{"kind":"binary","path":"/home/ISG/juber3709/.m2/repository/org/apache/camel/camel-controlbus/3.0.1/camel-controlbus-3.0.1.jar","sourceContainerUrl":"file:/home/ISG/juber3709/.m2/repository/org/apache/camel/camel-controlbus/3.0.1/camel-controlbus-3.0.1-sources.jar","javadocContainerUrl":"file:/home/ISG/juber3709/.m2/repository/org/apache/camel/camel-controlbus/3.0.1/camel-controlbus-3.0.1-javadoc.jar","isSystem":false,"isOwn":false,"isTest":false,"isJavaContent":false},{"kind":"binary","path":"/home/ISG/juber3709/.m2/repository/org/apache/camel/camel-dataformat/3.0.1/camel-dataformat-3.0.1.jar","sourceContainerUrl":"file:/home/ISG/juber3709/.m2/repository/org/apache/camel/camel-dataformat/3.0.1/camel-dataformat-3.0.1-sources.jar","javadocContainerUrl":"file:/home/ISG/juber3709/.m2/repository/org/apache/camel/camel-dataformat/3.0.1/camel-dataformat-3.0.1-javadoc.jar","isSystem":false,"isOwn":false,"isTest":false,"isJavaContent":false},{"kind":"binary","path":"/home/ISG/juber3709/.m2/repository/org/apache/camel/camel-dataset/3.0.1/camel-dataset-3.0.1.jar","sourceContainerUrl":"file:/home/ISG/juber3709/.m2/repository/org/apache/camel/camel-dataset/3.0.1/camel-dataset-3.0.1-sources.jar","javadocContainerUrl":"file:/home/ISG/juber3709/.m2/repository/org/apache/camel/camel-dataset/3.0.1/camel-dataset-3.0.1-javadoc.jar","isSystem":false,"isOwn":false,"isTest":false,"isJavaContent":false},{"kind":"binary","path":"/home/ISG/juber3709/.m2/repository/org/apache/camel/camel-direct/3.0.1/camel-direct-3.0.1.jar","sourceContainerUrl":"file:/home/ISG/juber3709/.m2/repository/org/apache/camel/camel-direct/3.0.1/camel-direct-3.0.1-sources.jar","javadocContainerUrl":"file:/home/ISG/juber3709/.m2/repository/org/apache/camel/camel-direct/3.0.1/camel-direct-3.0.1-javadoc.jar","isSystem":false,"isOwn":false,"isTest":false,"isJavaContent":false},{"kind":"binary","path":"/home/ISG/juber3709/.m2/repository/org/apache/camel/camel-directvm/3.0.1/camel-directvm-3.0.1.jar","sourceContainerUrl":"file:/home/ISG/juber3709/.m2/repository/org/apache/camel/camel-directvm/3.0.1/camel-directvm-3.0.1-sources.jar","javadocContainerUrl":"file:/home/ISG/juber3709/.m2/repository/org/apache/camel/camel-directvm/3.0.1/camel-directvm-3.0.1-javadoc.jar","isSystem":false,"isOwn":false,"isTest":false,"isJavaContent":false},{"kind":"binary","path":"/home/ISG/juber3709/.m2/repository/org/apache/camel/camel-file/3.0.1/camel-file-3.0.1.jar","sourceContainerUrl":"file:/home/ISG/juber3709/.m2/repository/org/apache/camel/camel-file/3.0.1/camel-file-3.0.1-sources.jar","javadocContainerUrl":"file:/home/ISG/juber3709/.m2/repository/org/apache/camel/camel-file/3.0.1/camel-file-3.0.1-javadoc.jar","isSystem":false,"isOwn":false,"isTest":false,"isJavaContent":false},{"kind":"binary","path":"/home/ISG/juber3709/.m2/repository/org/apache/camel/camel-language/3.0.1/camel-language-3.0.1.jar","sourceContainerUrl":"file:/home/ISG/juber3709/.m2/repository/org/apache/camel/camel-language/3.0.1/camel-language-3.0.1-sources.jar","javadocContainerUrl":"file:/home/ISG/juber3709/.m2/repository/org/apache/camel/camel-language/3.0.1/camel-language-3.0.1-javadoc.jar","isSystem":false,"isOwn":false,"isTest":false,"isJavaContent":false},{"kind":"binary","path":"/home/ISG/juber3709/.m2/repository/org/apache/camel/camel-mock/3.0.1/camel-mock-3.0.1.jar","sourceContainerUrl":"file:/home/ISG/juber3709/.m2/repository/org/apache/camel/camel-mock/3.0.1/camel-mock-3.0.1-sources.jar","javadocContainerUrl":"file:/home/ISG/juber3709/.m2/repository/org/apache/camel/camel-mock/3.0.1/camel-mock-3.0.1-javadoc.jar","isSystem":false,"isOwn":false,"isTest":false,"isJavaContent":false},{"kind":"binary","path":"/home/ISG/juber3709/.m2/repository/org/apache/camel/camel-ref/3.0.1/camel-ref-3.0.1.jar","sourceContainerUrl":"file:/home/ISG/juber3709/.m2/repository/org/apache/camel/camel-ref/3.0.1/camel-ref-3.0.1-sources.jar","javadocContainerUrl":"file:/home/ISG/juber3709/.m2/repository/org/apache/camel/camel-ref/3.0.1/camel-ref-3.0.1-javadoc.jar","isSystem":false,"isOwn":false,"isTest":false,"isJavaContent":false},{"kind":"binary","path":"/home/ISG/juber3709/.m2/repository/org/apache/camel/camel-rest/3.0.1/camel-rest-3.0.1.jar","sourceContainerUrl":"file:/home/ISG/juber3709/.m2/repository/org/apache/camel/camel-rest/3.0.1/camel-rest-3.0.1-sources.jar","javadocContainerUrl":"file:/home/ISG/juber3709/.m2/repository/org/apache/camel/camel-rest/3.0.1/camel-rest-3.0.1-javadoc.jar","isSystem":false,"isOwn":false,"isTest":false,"isJavaContent":false},{"kind":"binary","path":"/home/ISG/juber3709/.m2/repository/org/apache/camel/camel-saga/3.0.1/camel-saga-3.0.1.jar","sourceContainerUrl":"file:/home/ISG/juber3709/.m2/repository/org/apache/camel/camel-saga/3.0.1/camel-saga-3.0.1-sources.jar","javadocContainerUrl":"file:/home/ISG/juber3709/.m2/repository/org/apache/camel/camel-saga/3.0.1/camel-saga-3.0.1-javadoc.jar","isSystem":false,"isOwn":false,"isTest":false,"isJavaContent":false},{"kind":"binary","path":"/home/ISG/juber3709/.m2/repository/org/apache/camel/camel-scheduler/3.0.1/camel-scheduler-3.0.1.jar","sourceContainerUrl":"file:/home/ISG/juber3709/.m2/repository/org/apache/camel/camel-scheduler/3.0.1/camel-scheduler-3.0.1-sources.jar","javadocContainerUrl":"file:/home/ISG/juber3709/.m2/repository/org/apache/camel/camel-scheduler/3.0.1/camel-scheduler-3.0.1-javadoc.jar","isSystem":false,"isOwn":false,"isTest":false,"isJavaContent":false},{"kind":"binary","path":"/home/ISG/juber3709/.m2/repository/org/apache/camel/camel-seda/3.0.1/camel-seda-3.0.1.jar","sourceContainerUrl":"file:/home/ISG/juber3709/.m2/repository/org/apache/camel/camel-seda/3.0.1/camel-seda-3.0.1-sources.jar","javadocContainerUrl":"file:/home/ISG/juber3709/.m2/repository/org/apache/camel/camel-seda/3.0.1/camel-seda-3.0.1-javadoc.jar","isSystem":false,"isOwn":false,"isTest":false,"isJavaContent":false},{"kind":"binary","path":"/home/ISG/juber3709/.m2/repository/org/apache/camel/camel-stub/3.0.1/camel-stub-3.0.1.jar","sourceContainerUrl":"file:/home/ISG/juber3709/.m2/repository/org/apache/camel/camel-stub/3.0.1/camel-stub-3.0.1-sources.jar","javadocContainerUrl":"file:/home/ISG/juber3709/.m2/repository/org/apache/camel/camel-stub/3.0.1/camel-stub-3.0.1-javadoc.jar","isSystem":false,"isOwn":false,"isTest":false,"isJavaContent":false},{"kind":"binary","path":"/home/ISG/juber3709/.m2/repository/org/apache/camel/camel-timer/3.0.1/camel-timer-3.0.1.jar","sourceContainerUrl":"file:/home/ISG/juber3709/.m2/repository/org/apache/camel/camel-timer/3.0.1/camel-timer-3.0.1-sources.jar","javadocContainerUrl":"file:/home/ISG/juber3709/.m2/repository/org/apache/camel/camel-timer/3.0.1/camel-timer-3.0.1-javadoc.jar","isSystem":false,"isOwn":false,"isTest":false,"isJavaContent":false},{"kind":"binary","path":"/home/ISG/juber3709/.m2/repository/org/apache/camel/camel-validator/3.0.1/camel-validator-3.0.1.jar","sourceContainerUrl":"file:/home/ISG/juber3709/.m2/repository/org/apache/camel/camel-validator/3.0.1/camel-validator-3.0.1-sources.jar","javadocContainerUrl":"file:/home/ISG/juber3709/.m2/repository/org/apache/camel/camel-validator/3.0.1/camel-validator-3.0.1-javadoc.jar","isSystem":false,"isOwn":false,"isTest":false,"isJavaContent":false},{"kind":"binary","path":"/home/ISG/juber3709/.m2/repository/org/apache/camel/camel-vm/3.0.1/camel-vm-3.0.1.jar","sourceContainerUrl":"file:/home/ISG/juber3709/.m2/repository/org/apache/camel/camel-vm/3.0.1/camel-vm-3.0.1-sources.jar","javadocContainerUrl":"file:/home/ISG/juber3709/.m2/repository/org/apache/camel/camel-vm/3.0.1/camel-vm-3.0.1-javadoc.jar","isSystem":false,"isOwn":false,"isTest":false,"isJavaContent":false},{"kind":"binary","path":"/home/ISG/juber3709/.m2/repository/org/apache/camel/camel-xpath/3.0.1/camel-xpath-3.0.1.jar","sourceContainerUrl":"file:/home/ISG/juber3709/.m2/repository/org/apache/camel/camel-xpath/3.0.1/camel-xpath-3.0.1-sources.jar","javadocContainerUrl":"file:/home/ISG/juber3709/.m2/repository/org/apache/camel/camel-xpath/3.0.1/camel-xpath-3.0.1-javadoc.jar","isSystem":false,"isOwn":false,"isTest":false,"isJavaContent":false},{"kind":"binary","path":"/home/ISG/juber3709/.m2/repository/org/apache/camel/camel-xslt/3.0.1/camel-xslt-3.0.1.jar","sourceContainerUrl":"file:/home/ISG/juber3709/.m2/repository/org/apache/camel/camel-xslt/3.0.1/camel-xslt-3.0.1-sources.jar","javadocContainerUrl":"file:/home/ISG/juber3709/.m2/repository/org/apache/camel/camel-xslt/3.0.1/camel-xslt-3.0.1-javadoc.jar","isSystem":false,"isOwn":false,"isTest":false,"isJavaContent":false},{"kind":"binary","path":"/home/ISG/juber3709/.m2/repository/org/apache/camel/springboot/camel-kafka-starter/3.0.1/camel-kafka-starter-3.0.1.jar","sourceContainerUrl":"file:/home/ISG/juber3709/.m2/repository/org/apache/camel/springboot/camel-kafka-starter/3.0.1/camel-kafka-starter-3.0.1-sources.jar","javadocContainerUrl":"file:/home/ISG/juber3709/.m2/repository/org/apache/camel/springboot/camel-kafka-starter/3.0.1/camel-kafka-starter-3.0.1-javadoc.jar","isSystem":false,"isOwn":false,"isTest":false,"isJavaContent":false},{"kind":"binary","path":"/home/ISG/juber3709/.m2/repository/org/apache/camel/camel-kafka/3.0.1/camel-kafka-3.0.1.jar","sourceContainerUrl":"file:/home/ISG/juber3709/.m2/repository/org/apache/camel/camel-kafka/3.0.1/camel-kafka-3.0.1-sources.jar","javadocContainerUrl":"file:/home/ISG/juber3709/.m2/repository/org/apache/camel/camel-kafka/3.0.1/camel-kafka-3.0.1-javadoc.jar","isSystem":false,"isOwn":false,"isTest":false,"isJavaContent":false},{"kind":"binary","path":"/home/ISG/juber3709/.m2/repository/org/apache/camel/camel-support/3.0.1/camel-support-3.0.1.jar","sourceContainerUrl":"file:/home/ISG/juber3709/.m2/repository/org/apache/camel/camel-support/3.0.1/camel-support-3.0.1-sources.jar","javadocContainerUrl":"file:/home/ISG/juber3709/.m2/repository/org/apache/camel/camel-support/3.0.1/camel-support-3.0.1-javadoc.jar","isSystem":false,"isOwn":false,"isTest":false,"isJavaContent":false},{"kind":"binary","path":"/home/ISG/juber3709/.m2/repository/org/apache/camel/springboot/camel-netty-http-starter/3.0.1/camel-netty-http-starter-3.0.1.jar","sourceContainerUrl":"file:/home/ISG/juber3709/.m2/repository/org/apache/camel/springboot/camel-netty-http-starter/3.0.1/camel-netty-http-starter-3.0.1-sources.jar","javadocContainerUrl":"file:/home/ISG/juber3709/.m2/repository/org/apache/camel/springboot/camel-netty-http-starter/3.0.1/camel-netty-http-starter-3.0.1-javadoc.jar","isSystem":false,"isOwn":false,"isTest":false,"isJavaContent":false},{"kind":"binary","path":"/home/ISG/juber3709/.m2/repository/org/apache/camel/camel-netty-http/3.0.1/camel-netty-http-3.0.1.jar","sourceContainerUrl":"file:/home/ISG/juber3709/.m2/repository/org/apache/camel/camel-netty-http/3.0.1/camel-netty-http-3.0.1-sources.jar","javadocContainerUrl":"file:/home/ISG/juber3709/.m2/repository/org/apache/camel/camel-netty-http/3.0.1/camel-netty-http-3.0.1-javadoc.jar","isSystem":false,"isOwn":false,"isTest":false,"isJavaContent":false},{"kind":"binary","path":"/home/ISG/juber3709/.m2/repository/org/apache/camel/camel-http-common/3.0.1/camel-http-common-3.0.1.jar","sourceContainerUrl":"file:/home/ISG/juber3709/.m2/repository/org/apache/camel/camel-http-common/3.0.1/camel-http-common-3.0.1-sources.jar","javadocContainerUrl":"file:/home/ISG/juber3709/.m2/repository/org/apache/camel/camel-http-common/3.0.1/camel-http-common-3.0.1-javadoc.jar","isSystem":false,"isOwn":false,"isTest":false,"isJavaContent":false},{"kind":"binary","path":"/home/ISG/juber3709/.m2/repository/org/apache/camel/camel-attachments/3.0.1/camel-attachments-3.0.1.jar","sourceContainerUrl":"file:/home/ISG/juber3709/.m2/repository/org/apache/camel/camel-attachments/3.0.1/camel-attachments-3.0.1-sources.jar","javadocContainerUrl":"file:/home/ISG/juber3709/.m2/repository/org/apache/camel/camel-attachments/3.0.1/camel-attachments-3.0.1-javadoc.jar","isSystem":false,"isOwn":false,"isTest":false,"isJavaContent":false},{"kind":"binary","path":"/home/ISG/juber3709/.m2/repository/com/sun/activation/javax.activation/1.2.0/javax.activation-1.2.0.jar","sourceContainerUrl":"file:/home/ISG/juber3709/.m2/repository/com/sun/activation/javax.activation/1.2.0/javax.activation-1.2.0-sources.jar","javadocContainerUrl":"file:/home/ISG/juber3709/.m2/repository/com/sun/activation/javax.activation/1.2.0/javax.activation-1.2.0-javadoc.jar","isSystem":false,"isOwn":false,"isTest":false,"isJavaContent":false},{"kind":"binary","path":"/home/ISG/juber3709/.m2/repository/javax/servlet/javax.servlet-api/4.0.1/javax.servlet-api-4.0.1.jar","sourceContainerUrl":"file:/home/ISG/juber3709/.m2/repository/javax/servlet/javax.servlet-api/4.0.1/javax.servlet-api-4.0.1-sources.jar","javadocContainerUrl":"file:/home/ISG/juber3709/.m2/repository/javax/servlet/javax.servlet-api/4.0.1/javax.servlet-api-4.0.1-javadoc.jar","isSystem":false,"isOwn":false,"isTest":false,"isJavaContent":false},{"kind":"binary","path":"/home/ISG/juber3709/.m2/repository/org/apache/camel/springboot/camel-netty-starter/3.0.1/camel-netty-starter-3.0.1.jar","sourceContainerUrl":"file:/home/ISG/juber3709/.m2/repository/org/apache/camel/springboot/camel-netty-starter/3.0.1/camel-netty-starter-3.0.1-sources.jar","javadocContainerUrl":"file:/home/ISG/juber3709/.m2/repository/org/apache/camel/springboot/camel-netty-starter/3.0.1/camel-netty-starter-3.0.1-javadoc.jar","isSystem":false,"isOwn":false,"isTest":false,"isJavaContent":false},{"kind":"binary","path":"/home/ISG/juber3709/.m2/repository/org/apache/camel/camel-netty/3.0.1/camel-netty-3.0.1.jar","sourceContainerUrl":"file:/home/ISG/juber3709/.m2/repository/org/apache/camel/camel-netty/3.0.1/camel-netty-3.0.1-sources.jar","javadocContainerUrl":"file:/home/ISG/juber3709/.m2/repository/org/apache/camel/camel-netty/3.0.1/camel-netty-3.0.1-javadoc.jar","isSystem":false,"isOwn":false,"isTest":false,"isJavaContent":false},{"kind":"binary","path":"/home/ISG/juber3709/.m2/repository/io/netty/netty-all/4.1.45.Final/netty-all-4.1.45.Final.jar","sourceContainerUrl":"file:/home/ISG/juber3709/.m2/repository/io/netty/netty-all/4.1.45.Final/netty-all-4.1.45.Final-sources.jar","javadocContainerUrl":"file:/home/ISG/juber3709/.m2/repository/io/netty/netty-all/4.1.45.Final/netty-all-4.1.45.Final-javadoc.jar","isSystem":false,"isOwn":false,"isTest":false,"isJavaContent":false},{"kind":"binary","path":"/home/ISG/juber3709/.m2/repository/commons-pool/commons-pool/1.6/commons-pool-1.6.jar","sourceContainerUrl":"file:/home/ISG/juber3709/.m2/repository/commons-pool/commons-pool/1.6/commons-pool-1.6-sources.jar","javadocContainerUrl":"file:/home/ISG/juber3709/.m2/repository/commons-pool/commons-pool/1.6/commons-pool-1.6-javadoc.jar","isSystem":false,"isOwn":false,"isTest":false,"isJavaContent":false},{"kind":"binary","path":"/home/ISG/juber3709/.m2/repository/org/apache/camel/camel-jackson/3.0.1/camel-jackson-3.0.1.jar","sourceContainerUrl":"file:/home/ISG/juber3709/.m2/repository/org/apache/camel/camel-jackson/3.0.1/camel-jackson-3.0.1-sources.jar","javadocContainerUrl":"file:/home/ISG/juber3709/.m2/repository/org/apache/camel/camel-jackson/3.0.1/camel-jackson-3.0.1-javadoc.jar","isSystem":false,"isOwn":false,"isTest":false,"isJavaContent":false},{"kind":"binary","path":"/home/ISG/juber3709/.m2/repository/org/apache/camel/camel-core-engine/3.0.1/camel-core-engine-3.0.1.jar","sourceContainerUrl":"file:/home/ISG/juber3709/.m2/repository/org/apache/camel/camel-core-engine/3.0.1/camel-core-engine-3.0.1-sources.jar","javadocContainerUrl":"file:/home/ISG/juber3709/.m2/repository/org/apache/camel/camel-core-engine/3.0.1/camel-core-engine-3.0.1-javadoc.jar","isSystem":false,"isOwn":false,"isTest":false,"isJavaContent":false},{"kind":"binary","path":"/home/ISG/juber3709/.m2/repository/org/apache/camel/spi-annotations/3.0.1/spi-annotations-3.0.1.jar","sourceContainerUrl":"file:/home/ISG/juber3709/.m2/repository/org/apache/camel/spi-annotations/3.0.1/spi-annotations-3.0.1-sources.jar","javadocContainerUrl":"file:/home/ISG/juber3709/.m2/repository/org/apache/camel/spi-annotations/3.0.1/spi-annotations-3.0.1-javadoc.jar","isSystem":false,"isOwn":false,"isTest":false,"isJavaContent":false},{"kind":"binary","path":"/home/ISG/juber3709/.m2/repository/org/apache/camel/camel-api/3.0.1/camel-api-3.0.1.jar","sourceContainerUrl":"file:/home/ISG/juber3709/.m2/repository/org/apache/camel/camel-api/3.0.1/camel-api-3.0.1-sources.jar","javadocContainerUrl":"file:/home/ISG/juber3709/.m2/repository/org/apache/camel/camel-api/3.0.1/camel-api-3.0.1-javadoc.jar","isSystem":false,"isOwn":false,"isTest":false,"isJavaContent":false},{"kind":"binary","path":"/home/ISG/juber3709/.m2/repository/org/apache/camel/camel-base/3.0.1/camel-base-3.0.1.jar","sourceContainerUrl":"file:/home/ISG/juber3709/.m2/repository/org/apache/camel/camel-base/3.0.1/camel-base-3.0.1-sources.jar","javadocContainerUrl":"file:/home/ISG/juber3709/.m2/repository/org/apache/camel/camel-base/3.0.1/camel-base-3.0.1-javadoc.jar","isSystem":false,"isOwn":false,"isTest":false,"isJavaContent":false},{"kind":"binary","path":"/home/ISG/juber3709/.m2/repository/org/apache/camel/camel-jaxp/3.0.1/camel-jaxp-3.0.1.jar","sourceContainerUrl":"file:/home/ISG/juber3709/.m2/repository/org/apache/camel/camel-jaxp/3.0.1/camel-jaxp-3.0.1-sources.jar","javadocContainerUrl":"file:/home/ISG/juber3709/.m2/repository/org/apache/camel/camel-jaxp/3.0.1/camel-jaxp-3.0.1-javadoc.jar","isSystem":false,"isOwn":false,"isTest":false,"isJavaContent":false},{"kind":"binary","path":"/home/ISG/juber3709/.m2/repository/org/apache/camel/camel-management-api/3.0.1/camel-management-api-3.0.1.jar","sourceContainerUrl":"file:/home/ISG/juber3709/.m2/repository/org/apache/camel/camel-management-api/3.0.1/camel-management-api-3.0.1-sources.jar","javadocContainerUrl":"file:/home/ISG/juber3709/.m2/repository/org/apache/camel/camel-management-api/3.0.1/camel-management-api-3.0.1-javadoc.jar","isSystem":false,"isOwn":false,"isTest":false,"isJavaContent":false},{"kind":"binary","path":"/home/ISG/juber3709/.m2/repository/org/apache/camel/camel-util/3.0.1/camel-util-3.0.1.jar","sourceContainerUrl":"file:/home/ISG/juber3709/.m2/repository/org/apache/camel/camel-util/3.0.1/camel-util-3.0.1-sources.jar","javadocContainerUrl":"file:/home/ISG/juber3709/.m2/repository/org/apache/camel/camel-util/3.0.1/camel-util-3.0.1-javadoc.jar","isSystem":false,"isOwn":false,"isTest":false,"isJavaContent":false},{"kind":"binary","path":"/home/ISG/juber3709/.m2/repository/org/apache/camel/camel-util-json/3.0.1/camel-util-json-3.0.1.jar","sourceContainerUrl":"file:/home/ISG/juber3709/.m2/repository/org/apache/camel/camel-util-json/3.0.1/camel-util-json-3.0.1-sources.jar","javadocContainerUrl":"file:/home/ISG/juber3709/.m2/repository/org/apache/camel/camel-util-json/3.0.1/camel-util-json-3.0.1-javadoc.jar","isSystem":false,"isOwn":false,"isTest":false,"isJavaContent":false},{"kind":"binary","path":"/home/ISG/juber3709/.m2/repository/com/fasterxml/jackson/core/jackson-databind/2.10.2/jackson-databind-2.10.2.jar","sourceContainerUrl":"file:/home/ISG/juber3709/.m2/repository/com/fasterxml/jackson/core/jackson-databind/2.10.2/jackson-databind-2.10.2-sources.jar","javadocContainerUrl":"file:/home/ISG/juber3709/.m2/repository/com/fasterxml/jackson/core/jackson-databind/2.10.2/jackson-databind-2.10.2-javadoc.jar","isSystem":false,"isOwn":false,"isTest":false,"isJavaContent":false},{"kind":"binary","path":"/home/ISG/juber3709/.m2/repository/com/fasterxml/jackson/core/jackson-annotations/2.10.2/jackson-annotations-2.10.2.jar","sourceContainerUrl":"file:/home/ISG/juber3709/.m2/repository/com/fasterxml/jackson/core/jackson-annotations/2.10.2/jackson-annotations-2.10.2-sources.jar","javadocContainerUrl":"file:/home/ISG/juber3709/.m2/repository/com/fasterxml/jackson/core/jackson-annotations/2.10.2/jackson-annotations-2.10.2-javadoc.jar","isSystem":false,"isOwn":false,"isTest":false,"isJavaContent":false},{"kind":"binary","path":"/home/ISG/juber3709/.m2/repository/com/fasterxml/jackson/core/jackson-core/2.10.2/jackson-core-2.10.2.jar","sourceContainerUrl":"file:/home/ISG/juber3709/.m2/repository/com/fasterxml/jackson/core/jackson-core/2.10.2/jackson-core-2.10.2-sources.jar","javadocContainerUrl":"file:/home/ISG/juber3709/.m2/repository/com/fasterxml/jackson/core/jackson-core/2.10.2/jackson-core-2.10.2-javadoc.jar","isSystem":false,"isOwn":false,"isTest":false,"isJavaContent":false},{"kind":"binary","path":"/home/ISG/juber3709/.m2/repository/com/fasterxml/jackson/module/jackson-module-jaxb-annotations/2.10.2/jackson-module-jaxb-annotations-2.10.2.jar","sourceContainerUrl":"file:/home/ISG/juber3709/.m2/repository/com/fasterxml/jackson/module/jackson-module-jaxb-annotations/2.10.2/jackson-module-jaxb-annotations-2.10.2-sources.jar","javadocContainerUrl":"file:/home/ISG/juber3709/.m2/repository/com/fasterxml/jackson/module/jackson-module-jaxb-annotations/2.10.2/jackson-module-jaxb-annotations-2.10.2-javadoc.jar","isSystem":false,"isOwn":false,"isTest":false,"isJavaContent":false},{"kind":"binary","path":"/home/ISG/juber3709/.m2/repository/org/projectlombok/lombok/1.18.10/lombok-1.18.10.jar","sourceContainerUrl":"file:/home/ISG/juber3709/.m2/repository/org/projectlombok/lombok/1.18.10/lombok-1.18.10-sources.jar","javadocContainerUrl":"file:/home/ISG/juber3709/.m2/repository/org/projectlombok/lombok/1.18.10/lombok-1.18.10-javadoc.jar","isSystem":false,"isOwn":false,"isTest":false,"isJavaContent":false},{"kind":"binary","path":"/home/ISG/juber3709/.m2/repository/org/jpos/jpos/2.1.3/jpos-2.1.3.jar","sourceContainerUrl":"file:/home/ISG/juber3709/.m2/repository/org/jpos/jpos/2.1.3/jpos-2.1.3-sources.jar","javadocContainerUrl":"file:/home/ISG/juber3709/.m2/repository/org/jpos/jpos/2.1.3/jpos-2.1.3-javadoc.jar","isSystem":false,"isOwn":false,"isTest":false,"isJavaContent":false},{"kind":"binary","path":"/home/ISG/juber3709/.m2/repository/org/jdom/jdom2/2.0.6/jdom2-2.0.6.jar","sourceContainerUrl":"file:/home/ISG/juber3709/.m2/repository/org/jdom/jdom2/2.0.6/jdom2-2.0.6-sources.jar","javadocContainerUrl":"file:/home/ISG/juber3709/.m2/repository/org/jdom/jdom2/2.0.6/jdom2-2.0.6-javadoc.jar","isSystem":false,"isOwn":false,"isTest":false,"isJavaContent":false},{"kind":"binary","path":"/home/ISG/juber3709/.m2/repository/jdbm/jdbm/1.0/jdbm-1.0.jar","isSystem":false,"isOwn":false,"isTest":false,"isJavaContent":false},{"kind":"binary","path":"/home/ISG/juber3709/.m2/repository/com/sleepycat/je/18.3.12/je-18.3.12.jar","sourceContainerUrl":"file:/home/ISG/juber3709/.m2/repository/com/sleepycat/je/18.3.12/je-18.3.12-sources.jar","javadocContainerUrl":"file:/home/ISG/juber3709/.m2/repository/com/sleepycat/je/18.3.12/je-18.3.12-javadoc.jar","isSystem":false,"isOwn":false,"isTest":false,"isJavaContent":false},{"kind":"binary","path":"/home/ISG/juber3709/.m2/repository/commons-cli/commons-cli/1.4/commons-cli-1.4.jar","sourceContainerUrl":"file:/home/ISG/juber3709/.m2/repository/commons-cli/commons-cli/1.4/commons-cli-1.4-sources.jar","javadocContainerUrl":"file:/home/ISG/juber3709/.m2/repository/commons-cli/commons-cli/1.4/commons-cli-1.4-javadoc.jar","isSystem":false,"isOwn":false,"isTest":false,"isJavaContent":false},{"kind":"binary","path":"/home/ISG/juber3709/.m2/repository/org/jline/jline/3.9.0/jline-3.9.0.jar","sourceContainerUrl":"file:/home/ISG/juber3709/.m2/repository/org/jline/jline/3.9.0/jline-3.9.0-sources.jar","javadocContainerUrl":"file:/home/ISG/juber3709/.m2/repository/org/jline/jline/3.9.0/jline-3.9.0-javadoc.jar","isSystem":false,"isOwn":false,"isTest":false,"isJavaContent":false},{"kind":"binary","path":"/home/ISG/juber3709/.m2/repository/org/apache-extras/beanshell/bsh/2.0b6/bsh-2.0b6.jar","sourceContainerUrl":"file:/home/ISG/juber3709/.m2/repository/org/apache-extras/beanshell/bsh/2.0b6/bsh-2.0b6-sources.jar","javadocContainerUrl":"file:/home/ISG/juber3709/.m2/repository/org/apache-extras/beanshell/bsh/2.0b6/bsh-2.0b6-javadoc.jar","isSystem":false,"isOwn":false,"isTest":false,"isJavaContent":false},{"kind":"binary","path":"/home/ISG/juber3709/.m2/repository/org/javatuples/javatuples/1.2/javatuples-1.2.jar","sourceContainerUrl":"file:/home/ISG/juber3709/.m2/repository/org/javatuples/javatuples/1.2/javatuples-1.2-sources.jar","javadocContainerUrl":"file:/home/ISG/juber3709/.m2/repository/org/javatuples/javatuples/1.2/javatuples-1.2-javadoc.jar","isSystem":false,"isOwn":false,"isTest":false,"isJavaContent":false},{"kind":"binary","path":"/home/ISG/juber3709/.m2/repository/org/osgi/org.osgi.core/6.0.0/org.osgi.core-6.0.0.jar","sourceContainerUrl":"file:/home/ISG/juber3709/.m2/repository/org/osgi/org.osgi.core/6.0.0/org.osgi.core-6.0.0-sources.jar","javadocContainerUrl":"file:/home/ISG/juber3709/.m2/repository/org/osgi/org.osgi.core/6.0.0/org.osgi.core-6.0.0-javadoc.jar","isSystem":false,"isOwn":false,"isTest":false,"isJavaContent":false},{"kind":"binary","path":"/home/ISG/juber3709/.m2/repository/org/bouncycastle/bcprov-jdk15on/1.61/bcprov-jdk15on-1.61.jar","sourceContainerUrl":"file:/home/ISG/juber3709/.m2/repository/org/bouncycastle/bcprov-jdk15on/1.61/bcprov-jdk15on-1.61-sources.jar","javadocContainerUrl":"file:/home/ISG/juber3709/.m2/repository/org/bouncycastle/bcprov-jdk15on/1.61/bcprov-jdk15on-1.61-javadoc.jar","isSystem":false,"isOwn":false,"isTest":false,"isJavaContent":false},{"kind":"binary","path":"/home/ISG/juber3709/.m2/repository/org/bouncycastle/bcpg-jdk15on/1.61/bcpg-jdk15on-1.61.jar","sourceContainerUrl":"file:/home/ISG/juber3709/.m2/repository/org/bouncycastle/bcpg-jdk15on/1.61/bcpg-jdk15on-1.61-sources.jar","javadocContainerUrl":"file:/home/ISG/juber3709/.m2/repository/org/bouncycastle/bcpg-jdk15on/1.61/bcpg-jdk15on-1.61-javadoc.jar","isSystem":false,"isOwn":false,"isTest":false,"isJavaContent":false},{"kind":"binary","path":"/home/ISG/juber3709/.m2/repository/org/apache/sshd/sshd-core/1.7.0/sshd-core-1.7.0.jar","sourceContainerUrl":"file:/home/ISG/juber3709/.m2/repository/org/apache/sshd/sshd-core/1.7.0/sshd-core-1.7.0-sources.jar","javadocContainerUrl":"file:/home/ISG/juber3709/.m2/repository/org/apache/sshd/sshd-core/1.7.0/sshd-core-1.7.0-javadoc.jar","isSystem":false,"isOwn":false,"isTest":false,"isJavaContent":false},{"kind":"binary","path":"/home/ISG/juber3709/.m2/repository/org/slf4j/slf4j-api/1.7.30/slf4j-api-1.7.30.jar","sourceContainerUrl":"file:/home/ISG/juber3709/.m2/repository/org/slf4j/slf4j-api/1.7.30/slf4j-api-1.7.30-sources.jar","javadocContainerUrl":"file:/home/ISG/juber3709/.m2/repository/org/slf4j/slf4j-api/1.7.30/slf4j-api-1.7.30-javadoc.jar","isSystem":false,"isOwn":false,"isTest":false,"isJavaContent":false},{"kind":"binary","path":"/home/ISG/juber3709/.m2/repository/org/javassist/javassist/3.23.1-GA/javassist-3.23.1-GA.jar","sourceContainerUrl":"file:/home/ISG/juber3709/.m2/repository/org/javassist/javassist/3.23.1-GA/javassist-3.23.1-GA-sources.jar","javadocContainerUrl":"file:/home/ISG/juber3709/.m2/repository/org/javassist/javassist/3.23.1-GA/javassist-3.23.1-GA-javadoc.jar","isSystem":false,"isOwn":false,"isTest":false,"isJavaContent":false},{"kind":"binary","path":"/home/ISG/juber3709/.m2/repository/org/hdrhistogram/HdrHistogram/2.1.11/HdrHistogram-2.1.11.jar","sourceContainerUrl":"file:/home/ISG/juber3709/.m2/repository/org/hdrhistogram/HdrHistogram/2.1.11/HdrHistogram-2.1.11-sources.jar","javadocContainerUrl":"file:/home/ISG/juber3709/.m2/repository/org/hdrhistogram/HdrHistogram/2.1.11/HdrHistogram-2.1.11-javadoc.jar","isSystem":false,"isOwn":false,"isTest":false,"isJavaContent":false},{"kind":"source","path":"/home/gitworkspace/mw/src/main/java","outputFolder":"/home/gitworkspace/mw/target/classes","javadocContainerUrl":"file:/home/gitworkspace/mw/target/site/apidocs","isSystem":false,"isOwn":true,"isTest":false,"isJavaContent":true},{"kind":"source","path":"/home/gitworkspace/mw/src/test/java","outputFolder":"/home/gitworkspace/mw/target/test-classes","javadocContainerUrl":"file:/home/gitworkspace/mw/target/site/apidocs","isSystem":false,"isOwn":true,"isTest":true,"isJavaContent":true},{"kind":"source","path":"/home/gitworkspace/mw/src/main/resources","outputFolder":"/home/gitworkspace/mw/target/classes","isSystem":false,"isOwn":true,"isTest":false,"isJavaContent":false},{"kind":"source","path":"/home/gitworkspace/mw/src/test/resources","outputFolder":"/home/gitworkspace/mw/target/test-classes","isSystem":false,"isOwn":true,"isTest":true,"isJavaContent":false},{"kind":"source","path":"/home/gitworkspace/mw/src/test/java","outputFolder":"/home/gitworkspace/mw/target/test-classes","javadocContainerUrl":"file:/home/gitworkspace/mw/target/site/apidocs","isSystem":false,"isOwn":true,"isTest":false,"isJavaContent":false}]}